id;title;description;due_date;done
1;yahoo majestically;blue why sometimes;2025-01-26;false
2;SUV;dislocate vain;2025-01-26;false
3;hm following strait;indeed provision blowgun;2025-01-27;false
4;gadzooks mmm;cooperative quash or;2025-01-26;true
5;why border;sock sophisticated;2025-01-26;false
6;which how exactly;house;2025-01-26;true
7;till;schlep out;2025-01-26;true
8;likewise yuck;amidst even;2025-01-26;false
9;utilization;mousse noxious morbidity;2025-01-27;false
10;especially given;opera hurtful;2025-01-26;true
